,Best,Time
0,4218.877084624709,13.433188257999063
1,4204.013683447716,13.43376395300038
2,4341.9985308221885,13.53770189700117
3,4208.315114557178,13.634512781000012
4,4266.783321316586,13.950453202000062
5,4383.275476729072,13.80088431799959
6,4275.777028092747,13.902563141000428
7,4237.427895729939,14.61264908799967
8,4292.972698272886,13.958018002000244
9,4427.485341461597,14.053602466001394
