,Best,Time
0,4633.202703502777,0.006340772999919864
