,Best,Time
0,955.0,2.0206206040002144
1,955.0,1.9462526130009792
2,937.0,1.974551135999718
3,948.0,1.9918397960009315
4,937.0,2.0299768950008
5,962.0,2.0466753270011395
6,955.0,2.0190884090006875
7,937.0,2.092950824999207
8,937.0,2.039126916000896
9,955.0,2.051909116000388
