,Best,Time
0,8333.531535420349,6.296683766999195
1,7926.680733527907,6.330489984000451
2,8097.105713183835,6.252901304998886
3,8606.35704011702,6.172970707999411
4,8130.000237458556,6.117634993001047
5,7757.144277479491,6.131793996000852
6,7544.365901904089,6.39718444600112
7,7995.088952509805,6.443605685999501
8,7746.857297202831,6.447999740001251
9,8498.833610040574,6.3607881989992165
