,Best,Time
0,8182.1915557256725,0.0007642389998636645
