,Best,Time
0,8182.1915557256725,0.0007202419947134331
