,Best,Time
0,3835.215131467921,0.37499528800003645
