,Best,Time
0,22091.66995265741,6.343838681999841
1,23599.869723345753,6.354080135000913
2,23095.7285251214,6.057889367999451
3,22865.03828740756,5.986607243001345
4,24246.52416821913,5.877860497999791
5,22503.375356750606,5.984833325999716
6,23367.57590964433,5.9895456960002775
7,23416.826731943765,6.044537157000377
8,23427.04615596542,5.778820764000557
9,22365.823873712467,5.801885326000047
