,Best,Time
0,24698.49657976497,0.0010836750007001683
