,Best,Time
0,24698.49657976497,0.0010945129999981873
